"Company Name","Company Type","Question 1","Question 2","Question 3","Question 4","Question 5"
"Google","Tech","Develop a machine learning algorithm to detect fake news on social media.","Explain the purpose of a constructor in object-oriented programming.","What is your experience with project management methodologies like Agile or Scrum?","Design a secure mobile payment system for developing countries.","Describe the principles of Object-Oriented Programming (OOP)."
"ExxonMobil","Non-Tech","What is a business model?","Can you explain the concept of strategic alliances?","Can you describe what a franchise is?","Can you explain the importance of employee engagement in achieving business goals?","What are the basic principles of supply chain management?"
"Walmart","Non-Tech","Can you explain what a stakeholder is?","What is your understanding of the term 'cash flow'?","Can you describe what a business incubator is?","What is your experience with conducting market analysis?","What are some effective methods for performance evaluation?"
"Microsoft","Tech","Explain the difference between compilation and interpretation.","Optimize an SQL database for a high-volume financial transaction system.","What is your understanding of key performance indicators (KPIs)?","What are some effective techniques for conflict resolution?","What do you know about employee engagement?"
"Nike","Non-Tech","What is your understanding of corporate finance?","Can you explain what a business continuity plan (BCP) is?","Can you describe the importance of employee training?","What is your understanding of the sales funnel?","Can you describe the purpose of a business plan?"
"Apple","Tech","What is your understanding of a profit and loss statement?","Implement a quantum algorithm for solving a well-known computational problem.","What is your experience with financial analysis?","What is your experience with strategic decision-making?","What are some advanced techniques for customer retention?"
"Coca-Cola","Non-Tech","Can you describe what a merger and acquisition (M&A) is?","What is the importance of customer feedback?","Can you explain the difference between fixed and variable costs?","Can you describe the role of a business consultant?","What are the different types of business structures?"
"Amazon","Tech","Build a scalable image processing pipeline for a photo-sharing app.","What is the role of a business analyst?","What are the implications of blockchain technology for businesses?","Can you explain the role of artificial intelligence in business?","Can you describe the importance of ethical decision-making in business?"
"JPMorgan Chase","Non-Tech","Can you explain what a competitive advantage is?","What is your understanding of the term 'workplace culture'?","What are some challenges in managing remote teams?","Can you explain what customer segmentation means?","What do you know about the concept of diversification?"
"Procter & Gamble","Non-Tech","Can you explain what a target audience is?","Can you describe what corporate social responsibility (CSR) means?","Can you explain the concept of market share?","Can you describe what a business ethics program involves?","Can you explain what corporate governance is?"
"Netflix","Tech","What is the difference between stack and heap memory?","Can you describe how to conduct a competitor analysis?","What is your experience with business risk management?","What do you understand by the term 'brand equity'?","What is your understanding of the impact of technology on business models?"
"Tesla","Tech","Create a real-time sports analytics system using sensor data.","Can you explain what a balanced scorecard is?","Can you explain the concept of lean management?","What are some common tools for project management?","Can you describe what a business ecosystem is?"
"Adobe","Tech","Explain the concept of polymorphism.","What is your experience with international business practices?","What is your understanding of the role of data analytics in business strategy?","Can you describe the process of developing a comprehensive business strategy?","Can you describe the role of financial statements in business?"
"Unilever","Non-Tech","Can you describe the purpose of a marketing plan?","What is your understanding of key performance indicators (KPIs)?","Can you explain what market positioning means?","What is your experience with budgeting?","Can you describe what ethical leadership entails?"
"Ford","Non-Tech","Can you describe what e-commerce is?","Can you explain the concept of product differentiation?","Can you describe the role of a marketing manager?","What is your understanding of operational strategy?","Can you explain what corporate governance is?"
"Salesforce","Tech","What do you know about the term 'market research'?","Can you describe how to build a resilient organizational culture?","Can you describe the role of a business consultant?","What is your experience with aligning business and IT strategies?","What is your experience with project management?"
"Boeing","Non-Tech","What is your understanding of the term 'value chain'?","What is your understanding of the term 'workplace culture'?","What are some strategies for enhancing brand loyalty?","Can you describe what strategic planning is?","What is your experience with conducting market analysis?"
"Intel","Tech","Define encapsulation and give an example.","What is your understanding of corporate finance?","What is your understanding of market entry strategies?","Can you explain what customer relationship management (CRM) is?","Can you explain the importance of cross-functional collaboration in business?"
"Johnson & Johnson","Non-Tech","Can you explain what customer segmentation means?","What is your understanding of the term 'cash flow'?","Can you describe the challenges of global supply chains?","What is your experience with talent acquisition strategies?","What are some effective negotiation techniques?"
"Starbucks","Non-Tech","Can you describe what an elevator pitch is?","What is your experience with sales techniques?","What is your understanding of the sales funnel?","Can you describe what an elevator pitch is?","Can you explain what corporate governance is?"
"Cisco","Tech","What is an abstract class, and how is it different from an interface?","What is your understanding of supply chain sustainability?","What are the key factors in building a successful startup?","What is your understanding of organizational behavior?","Can you explain what a business ecosystem is?"
"Visa","Non-Tech","Can you describe what corporate social responsibility (CSR) means?","What do you understand by the term 'brand equity'?","What are some common business growth strategies?","Can you describe what ethical leadership entails?","What is your understanding of operational strategy?"
"Home Depot","Non-Tech","What is your understanding of business ethics?","What is your experience with financial analysis?","What are the different types of business structures?","Can you explain how to conduct a feasibility study?","What is your understanding of market disruption and innovation?"
"Oracle","Tech","Can you describe the purpose of a marketing plan?","What is the importance of customer feedback?","Can you describe the impact of digital transformation on businesses?","What is your understanding of the factors influencing consumer behavior?","What are some effective methods for performance evaluation?"
"General Motors","Non-Tech","What do you understand by the term 'target market'?","What is your experience with budgeting?","Can you describe what a business ethics program involves?","Can you explain the role of digital marketing in modern business?","Can you describe what an elevator pitch is?"
"Pfizer","Non-Tech","Can you explain the concept of lean management?","What is your understanding of the term 'cash flow'?","What is the role of leadership in a business?","Can you explain what a business continuity plan (BCP) is?","What is your experience with crisis management?"
"IBM","Tech","What do you understand by the term 'target market'?","What is your understanding of the term 'workplace culture'?","What are some challenges in managing remote teams?","Can you describe the process of developing a corporate social responsibility (CSR) program?","What is your understanding of the role of data analytics in business strategy?"
"Airbus","Non-Tech","Can you describe the purpose of a marketing plan?","What do you know about the concept of diversification?","Can you explain the role of a business consultant?","Can you describe what an elevator pitch is?","What are some effective techniques for conflict resolution?"
"Meta","Tech","Explain the difference between stack and heap memory.","What are some effective negotiation techniques?","Can you explain the importance of ethical decision-making in business?","Can you describe what social media marketing involves?","What is your experience with mergers and acquisitions?"
"NVIDIA","Tech","Create a real-time sports analytics system using sensor data.","Can you explain what a target audience is?","Can you explain what market positioning means?","Can you explain the concept of product differentiation?","What are some best practices for managing stakeholder relationships?"
"Chevron","Non-Tech","What is a business model?","Can you describe what strategic planning is?","What is your experience with international business practices?","What is your understanding of operational strategy?","What are some common risks in business operations?"
"Target","Non-Tech","What is your understanding of a profit and loss statement?","What is your experience with sales techniques?","What is your understanding of operational efficiency'?","What is your experience with performance metrics in evaluating business success?","What is your experience with business transformation initiatives?"
"Twitter","Tech","What is an abstract class, and how is it different from an interface?","What are the different types of pricing strategies?","What is your understanding of the factors influencing consumer behavior?","Can you describe the role of a marketing manager?","Can you explain the concept of customer lifetime value?"
"HP","Tech","What is your understanding of a profit and loss statement?","Can you describe the process of developing a comprehensive business strategy?","What is the importance of customer feedback?","Can you explain the concept of market share?","What are some effective methods for performance evaluation?"
"Toyota","Non-Tech","What is your understanding of the sales funnel?","Can you describe what e-commerce is?","Can you explain the concept of product differentiation?","Can you describe what a merger and acquisition (M&A) is?","What is the role of leadership in a business?"
"Uber","Tech","Optimize an SQL database for a high-volume financial transaction system.","What is your understanding of business ethics?","What are the different types of pricing strategies?","Can you explain the concept of market share?","What are the key components of a successful marketing campaign?"
"Pinterest","Tech","What is your experience with budgeting?","Can you describe what a franchise is?","What are some advanced techniques for customer retention?","Can you describe the purpose of a business plan?","Can you describe the role of financial statements in business?"
"FedEx","Non-Tech","Can you explain what customer segmentation means?","What do you know about the concept of diversification?","Can you describe how to build a resilient organizational culture?","What is your understanding of corporate finance?","Can you explain what a business continuity plan (BCP) is?"
"Lyft","Tech","What is your experience with financial analysis?","What do you understand by the term 'customer journey'?","Can you describe what a merger and acquisition (M&A) is?","What are some common tools for project management?","What are some strategies for driving innovation in an organization?"
"Boeing","Non-Tech","Can you describe the importance of networking in business?","What is your understanding of the term 'value chain'?","What is your understanding of product lifecycle management?","Can you describe what business forecasting is?","What is your understanding of the factors influencing consumer behavior?"
"Snap Inc.","Tech","What is a business model?","Can you define what customer relationship management (CRM) is?","What is your understanding of organizational behavior?","Can you describe the role of financial statements in business?","Can you describe what ethical leadership entails?"
"Pfizer","Non-Tech","What do you understand by the term 'target market'?","What is your understanding of the term 'workplace culture'?","What are the implications of blockchain technology for businesses?","What is your experience with mergers and acquisitions?","What is your experience with business risk management?"
"DocuSign","Tech","What is the difference between compilation and interpretation?","What is your understanding of corporate finance?","What are the key components of a successful marketing campaign?","Can you describe what a business ethics program involves?","Can you describe the importance of change leadership?"
"Wells Fargo","Non-Tech","What is your understanding of the term 'workplace culture'?","What is your understanding of organizational behavior?","What is your experience with crisis management?","What is your experience with international business practices?","What are some strategies for enhancing brand loyalty?"
"Palantir","Tech","Define encapsulation and give an example.","What is your understanding of the sales funnel?","Can you describe what an elevator pitch is?","Can you describe the process of developing a comprehensive business strategy?","Can you explain the concept of strategic risk management?"
"Deutsche Post DHL","Non-Tech","What do you understand by the term 'target market'?","What is your understanding of the term 'cash flow'?","What is your understanding of product lifecycle management?","Can you describe how to conduct an organizational assessment?","Can you describe the process of developing a corporate social responsibility (CSR) program?"
"Workday","Tech","What is your experience with budgeting?","What is your understanding of the term 'value chain'?","What is your understanding of the impact of technology on business models?","What is your understanding of the role of data analytics in business strategy?","Can you explain the role of corporate strategy in long-term success?"
"Mars","Non-Tech","Can you explain what a competitive advantage is?","What is your experience with supply chain optimization?","Can you describe what a business ethics program involves?","Can you explain what a business ecosystem is?","What is your understanding of the factors influencing consumer behavior?"
"Twilio","Tech","What is an abstract class, and how is it different from an interface?","Can you describe what a franchise is?","Can you describe the importance of employee training?","Can you explain the concept of competitive intelligence?","What are some advanced techniques for effective project management?"
"Nestlé","Non-Tech","Can you describe what corporate social responsibility (CSR) means?","What are some common business growth strategies?","What is your experience with business risk management?","What is your experience with project management?","What is your experience with crisis management?"
"Square","Tech","Can you explain what customer segmentation means?","What is your understanding of operational strategy?","What are the different types of pricing strategies?","Can you describe the importance of ethical decision-making in business?","Can you describe the purpose of a business plan?"
"Mondelez International","Non-Tech","What is the purpose of a constructor?","What is your understanding of operational efficiency'?","What are some common risks in business operations?","Can you describe how to create a culture of innovation?","Can you describe what an elevator pitch is?"
"Stripe","Tech","Explain the difference between stack and heap memory.","What are the key components of a successful marketing campaign?","Can you describe what ethical leadership entails?","Can you describe the challenges of global supply chains?","What are the implications of blockchain technology for businesses?"
"Starbucks","Non-Tech","What is your experience with budgeting?","Can you describe what corporate social responsibility (CSR) means?","Can you explain the concept of strategic risk management?","Can you describe the impact of digital transformation on businesses?","What is the role of leadership in a business?"
"ServiceNow","Tech","Describe the principles of Object-Oriented Programming (OOP).","What is your experience with financial analysis?","What are some effective methods for performance evaluation?","Can you describe the role of a marketing manager?","What are some challenges in managing remote teams?"
"CVS Health","Non-Tech","What is your understanding of a profit and loss statement?","Can you describe the importance of brand management?","Can you explain what corporate governance is?","Can you describe what business forecasting is?","Can you describe the process of developing a corporate social responsibility (CSR) program?"
"Shopify","Tech","What is the purpose of a constructor?","Can you explain what a balanced scorecard is?","What is your experience with mergers and acquisitions?","What is your experience with stakeholder engagement strategies?","Can you explain how to conduct a feasibility study?"
"Walgreens Boots Alliance","Non-Tech","Can you explain what a target audience is?","Can you describe what corporate social responsibility (CSR) means?","Can you explain the role of digital marketing in modern business?","What is your understanding of the sales funnel?","Can you describe the challenges of global supply chains?"
"Datadog","Tech","What is a business model?","What is your experience with business risk management?","What are the implications of technological disruption for established businesses?","Can you describe the importance of change leadership?","Can you describe how to implement a successful change initiative?"
"UnitedHealth Group","Non-Tech","Can you describe what e-commerce is?","What do you understand by the term 'brand equity'?","What is your understanding of business ethics?","What is your understanding of the factors influencing consumer behavior?","What is your experience with mergers and acquisitions?"
"Snowflake","Tech","Develop a machine learning algorithm to detect fake news on social media.","What do you know about the term 'market research'?","Can you describe the role of financial statements in business?","What is your understanding of the impact of technology on business models?","What is your experience with supply chain optimization?"
"Cigna","Non-Tech","Can you describe what a merger and acquisition (M&A) is?","Can you describe what a business ethics program involves?","Can you describe what social media marketing involves?","What is your understanding of the sales funnel?","What are some strategies for driving innovation in an organization?"
"Zscaler","Tech","What is your experience with supply chain optimization?","Can you describe the importance of customer loyalty?","Can you explain the role of a marketing manager?","Can you describe what an elevator pitch is?","Can you explain how to leverage social media for brand growth?"
"Aetna","Non-Tech","What is your understanding of business ethics?","Can you explain how to conduct a competitor analysis?","What is your understanding of organizational behavior?","What are some common tools for project management?","Can you describe what innovation means in business?"
"CrowdStrike","Tech","Can you describe the purpose of a marketing plan?","What is your understanding of operational strategy?","Can you describe the importance of corporate branding?","Can you describe the role of a business consultant?","What is your understanding of the term 'workplace culture'?"
"Prudential Financial","Non-Tech","What is a business model?","What is your understanding of a profit and loss statement?","Can you describe the purpose of a business plan?","Can you explain the concept of product differentiation?","What are some advanced approaches to change management?"
"Roblox","Tech","Build a scalable image processing pipeline for a photo-sharing app.","What is a value proposition?","What is your experience with conducting market analysis?","Can you explain what a business continuity plan (BCP) is?","What is your understanding of corporate governance best practices?"
"MetLife","Non-Tech","Can you describe what SWOT analysis is?","Can you explain the difference between B2B and B2C?","What are the key factors in building a successful startup?","What are the key components of a successful marketing campaign?","Can you describe what a business incubator is?"
"Unity Technologies","Tech","Create a real-time sports analytics system using sensor data.","What is your understanding of a profit and loss statement?","What is your understanding of product lifecycle management?","What is your experience with international business practices?","Can you explain the concept of lean management?"
"Pepsico","Non-Tech","Can you describe what SWOT analysis is?","Can you describe the impact of digital transformation on businesses?","What is your understanding of market disruption and innovation?","What are some effective methods for performance evaluation?","What is the role of a business analyst?"
"Epic Games","Tech","What is a value proposition?","What is your experience with mergers and acquisitions?","What are the implications of technological disruption for established businesses?","Can you describe how to create a culture of innovation?","What is your experience with project management?"
"Kroger","Non-Tech","What is your experience with sales techniques?","What do you understand by the term 'customer journey'?","Can you describe the process of developing a comprehensive business strategy?","Can you describe the role of financial statements in business?","Can you describe what ethical leadership entails?"
"Riot Games","Tech","What is your experience with budgeting?","Can you describe what corporate social responsibility (CSR) means?","Can you explain what a target audience is?","Can you describe the role of financial statements in business?","What is your experience with aligning business and IT strategies?"
"UPS","Non-Tech","What do you know about the term 'market research'?","What is your understanding of the sales funnel?","What are the different types of pricing strategies?","Can you explain the concept of strategic risk management?","What is your experience with strategic decision-making?"
"Activision Blizzard","Tech","What is a business model?","What is your understanding of operational efficiency'?","What are some common risks in business operations?","Can you describe what ethical leadership entails?","What is your experience with supply chain optimization?"
"Lowe's","Non-Tech","Can you explain what customer segmentation means?","Can you describe what a franchise is?","What is your understanding of product lifecycle management?","What is your understanding of corporate governance best practices?","What is your experience with talent acquisition strategies?"
"Electronic Arts","Tech","Can you explain what customer segmentation means?","What are some common business growth strategies?","Can you describe what a business ethics program involves?","Can you explain the concept of competitive intelligence?","What is your understanding of corporate finance?"
"Northrop Grumman","Non-Tech","Can you describe what corporate social responsibility (CSR) means?","What is your experience with conducting market analysis?","What is your understanding of business ethics?","Can you explain how to conduct a competitor analysis?","Can you explain the concept of strategic alliances?"
"CD Projekt Red","Tech","Can you describe the purpose of a marketing plan?","Can you explain what a business continuity plan (BCP) is?","Can you describe the process of developing a comprehensive business strategy?","What is your understanding of market entry strategies?","Can you describe what social media marketing involves?"
"Honda","Non-Tech","What is your understanding of a profit and loss statement?","Can you explain what a stakeholder is?","What is your understanding of the term 'workplace culture'?","What is your experience with crisis management?","What is your understanding of the impact of technology on business models?"
"Nintendo","Tech","What is a value proposition?","What is your experience with financial analysis?","Can you explain how to create a marketing budget?","Can you describe the importance of corporate branding?","Can you describe the challenges of global supply chains?"
"Raytheon Technologies","Non-Tech","What is your understanding of key performance indicators (KPIs)?","What are some effective negotiation techniques?","What is your experience with mergers and acquisitions?","Can you explain the role of artificial intelligence in business?","Can you describe what innovation means in business?"
"Sony Interactive Entertainment","Tech","What do you know about the term 'market research'?","What do you know about employee engagement?","Can you describe what an elevator pitch is?","Can you describe what a business ethics program involves?","Can you describe what innovation means in business?"
"American Express","Non-Tech","What is your experience with budgeting?","Can you explain what a business continuity plan (BCP) is?","Can you describe what a merger and acquisition (M&A) is?","What is your understanding of the factors influencing consumer behavior?","What is your understanding of market disruption and innovation?"
"Baidu","Tech","What is your understanding of operational efficiency'?","Can you describe what strategic planning is?","What is your experience with international business practices?","Can you explain the concept of lean management?","What are the implications of technological disruption for established businesses?"
"Alibaba","Tech","Can you define what customer relationship management (CRM) is?","What is your experience with sales techniques?","What is your understanding of product lifecycle management?","What is your experience with business risk management?","Can you describe what innovation means in business?"
"Tencent","Tech","What are the different types of business structures?","Can you describe the importance of customer loyalty?","Can you explain what a balanced scorecard is?","What is your understanding of operational strategy?","What are some strategies for enhancing brand loyalty?"
"Xiaomi","Tech","Can you explain what a business ecosystem is?","What is your understanding of organizational behavior?","Can you describe the importance of employee training?","What is your understanding of market entry strategies?","What is your understanding of the role of data analytics in business strategy?"
"ByteDance","Tech","What do you understand by the term 'brand equity'?","Can you describe what a business incubator is?","What is your understanding of change management?","What is your understanding of operational strategy?","Can you describe what ethical leadership entails?"
"UnitedHealth Group","Non-Tech","Can you explain what SWOT analysis is?","What do you understand by the term 'value chain'?","What is your understanding of business ethics?","What is your experience with crisis management?","What is your experience with strategic decision-making?"
"MetLife","Non-Tech","Can you describe the importance of networking in business?","What is your understanding of business ethics?","What is your understanding of the factors influencing consumer behavior?","What is your experience with business risk management?","Can you explain what customer relationship management (CRM) is?"
"Pepsico","Non-Tech","What is your understanding of a profit and loss statement?","Can you explain what a stakeholder is?","Can you describe what a business ethics program involves?","What is your experience with mergers and acquisitions?","What are some common tools for project management?"
"Wells Fargo","Non-Tech","What is a business model?","Can you describe what a merger and acquisition (M&A) is?","Can you describe how to conduct an organizational assessment?","Can you describe what e-commerce is?","Can you explain the concept of strategic alliances?"
"FedEx","Non-Tech","Can you explain what customer segmentation means?","What do you know about employee engagement?","What is your experience with budgeting?","Can you describe what a business incubator is?","What are some effective techniques for conflict resolution?"
"JPMorgan Chase","Non-Tech","Can you explain the difference between B2B and B2C?","What is your experience with project management?","What is your experience with international business practices?","Can you explain the concept of lean management?","Can you explain the importance of ethical decision-making in business?"
"Lowe's","Non-Tech","Can you describe what corporate social responsibility (CSR) means?","What are the basic principles of supply chain management?","What is your understanding of operational efficiency'?","What is your understanding of the term 'workplace culture'?","What are some challenges in managing remote teams?"
"Mastercard","Non-Tech","Can you explain the difference between fixed and variable costs?","What is your understanding of the term 'value chain'?","What is your understanding of change management?","Can you explain the concept of market share?","What is your experience with mergers and acquisitions?"
"General Motors","Non-Tech","What is your experience with sales techniques?","What is your understanding of key performance indicators (KPIs)?","What are some effective methods for performance evaluation?","Can you explain how to conduct a feasibility study?","What is your understanding of corporate governance best practices?"
"Starbucks","Non-Tech","Can you describe what an elevator pitch is?","What do you know about the concept of diversification?","Can you describe the process of developing a comprehensive business strategy?","Can you describe the importance of employee training?","What are some strategies for driving innovation in an organization?"
"Boeing","Non-Tech","Can you explain what market positioning means?","What is your understanding of the sales funnel?","What are the implications of blockchain technology for businesses?","What is your understanding of supply chain sustainability?","Can you explain what a balanced scorecard is?"
"Lockheed Martin","Non-Tech","Can you describe the purpose of a business plan?","What is a value proposition?","What is your understanding of corporate finance?","What is your experience with supply chain optimization?","Can you describe what a business ethics program involves?"
"Lowe's","Non-Tech","What is a value proposition?","What is the importance of customer feedback?","What is your experience with financial analysis?","What is your understanding of the term 'workplace culture'?","Can you describe what social media marketing involves?"
"Northrop Grumman","Non-Tech","Can you explain the difference between B2B and B2C?","What is your experience with conducting market analysis?","What is your understanding of the term 'cash flow'?","What is the importance of customer feedback?","Can you explain how to create a marketing budget?"
"Toyota","Non-Tech","Can you describe what strategic planning is?","What is your understanding of a profit and loss statement?","Can you explain the role of a marketing manager?","What is your understanding of the sales funnel?","What is your experience with performance metrics in evaluating business success?"
"American Express","Non-Tech","Can you define what customer relationship management (CRM) is?","What is the role of leadership in a business?","What is your experience with business risk management?","Can you explain the importance of ethical decision-making in business?","Can you describe the importance of corporate branding?"
"UPS","Non-Tech","What is your understanding of the term 'value chain'?","What is your experience with project management?","What is your experience with mergers and acquisitions?","What is your experience with aligning business and IT strategies?","What is the importance of customer feedback?"
"Johnson & Johnson","Non-Tech","What is your experience with budgeting?","Can you describe what a franchise is?","What are some challenges in managing remote teams?","Can you explain what a business ecosystem is?","What is your understanding of market disruption and innovation?"
"Mondelez International","Non-Tech","Can you explain what corporate governance is?","What do you understand by the term 'brand equity'?","What is your understanding of organizational behavior?","Can you describe what an elevator pitch is?","Can you explain what a balanced scorecard is?"
"CVS Health","Non-Tech","Can you describe what e-commerce is?","Can you explain the concept of market share?","What is your understanding of the impact of technology on business models?","Can you describe what a merger and acquisition (M&A) is?","What is your experience with crisis management?"
"Nestlé","Non-Tech","What is a business model?","Can you describe what SWOT analysis is?","Can you describe what a business ethics program involves?","Can you describe the process of developing a corporate social responsibility (CSR) program?","Can you explain the role of corporate strategy in long-term success?"
"Pfizer","Non-Tech","Can you explain what a target audience is?","What is your understanding of operational strategy?","What are some common business growth strategies?","What are the implications of technological disruption for established businesses?","Can you describe the process of developing a comprehensive business strategy?"
"Airbus","Non-Tech","What do you know about the term 'market research'?","Can you explain what customer segmentation means?","What are some effective methods for performance evaluation?","Can you explain the role of business intelligence (BI)?","What is your understanding of the factors influencing consumer behavior?"
"Target","Non-Tech","Can you describe what a merger and acquisition (M&A) is?","Can you describe what strategic planning is?","What is your experience with conducting market analysis?","Can you describe the role of a business consultant?","What are the key elements of successful digital transformation?"
"Chevron","Non-Tech","What is a value proposition?","Can you explain what customer relationship management (CRM) is?","Can you describe what social media marketing involves?","Can you explain the concept of strategic alliances?","What are the different types of pricing strategies?"
"Home Depot","Non-Tech","What is the purpose of a constructor?","What is your experience with financial analysis?","Can you explain how to create a marketing budget?","What is your understanding of supply chain sustainability?","What is your understanding of corporate governance best practices?"
"Walgreens Boots Alliance","Non-Tech","Explain the difference between stack and heap memory.","What do you know about employee engagement?","What are some challenges in managing remote teams?","Can you explain the concept of product differentiation?","What are some best practices for managing stakeholder relationships?"
"Cigna","Non-Tech","What is an abstract class, and how is it different from an interface?","Can you describe the purpose of a marketing plan?","What are some common risks in business operations?","Can you describe the importance of employee training?","Can you explain the concept of customer lifetime value?"
"Prudential Financial","Non-Tech","Can you describe what e-commerce is?","Can you explain the difference between fixed and variable costs?","Can you explain the concept of lean management?","What are the different types of business structures?","Can you explain the role of digital marketing in modern business?"
"Aetna","Non-Tech","What is a business model?","Can you explain what a target audience is?","What is the role of leadership in a business?","Can you describe what a business continuity plan (BCP) is?","Can you describe what a business ethics program involves?"
"Mastercard","Non-Tech","Can you describe what SWOT analysis is?","What do you know about the concept of diversification?","Can you describe what ethical leadership entails?","What is your experience with mergers and acquisitions?","What is your experience with aligning business and IT strategies?"
"Lockheed Martin","Non-Tech","Can you explain what a stakeholder is?","Can you describe what strategic planning is?","Can you explain what a business continuity plan (BCP) is?","What are some effective methods for performance evaluation?","Can you explain what a business ecosystem is?"
"Honda","Non-Tech","What is the role of a business analyst?","Can you explain the concept of market share?","Can you describe what business forecasting is?","What is your understanding of market entry strategies?","What is the importance of customer feedback?"
"UPS","Non-Tech","Can you describe the importance of networking in business?","What is your experience with budgeting?","Can you describe what a franchise is?","Can you describe what social media marketing involves?","Can you explain the importance of ethical decision-making in business?"
"Raytheon Technologies","Non-Tech","Can you define what customer relationship management (CRM) is?","Can you explain what customer segmentation means?","What are some common tools for project management?","Can you describe how to create a culture of innovation?","Can you explain the role of corporate culture in employee performance?"
"American Express","Non-Tech","What is your understanding of a profit and loss statement?","What do you know about the term 'market research'?","What is your experience with sales techniques?","What is your experience with supply chain optimization?","What is your understanding of operational strategy?"
"Toyota","Non-Tech","Can you describe what corporate social responsibility (CSR) means?","What is your understanding of the term 'value chain'?","What is your understanding of product lifecycle management?","Can you explain what a balanced scorecard is?","What are the key components of a successful marketing campaign?"
"Honda","Non-Tech","What is a value proposition?","What is the importance of customer feedback?","Can you describe the impact of digital transformation on businesses?","What is your experience with business transformation initiatives?","Can you explain how to leverage social media for brand growth?"
"Boeing","Non-Tech","Can you describe the importance of networking in business?","What is the role of leadership in a business?","What is your understanding of the term 'workplace culture'?","Can you describe the challenges of global supply chains?","What is your understanding of the role of data analytics in business strategy?"
"Airbus","Non-Tech","Can you explain the difference between B2B and B2C?","What is your experience with project management?","What are some common business growth strategies?","What is your understanding of the impact of technology on business models?","What are the best practices for negotiating business deals?"
